ID_UBICACION;STOCK;MARCA;CLASES_ABC;ANTIGUEDAD_MAX_DIAS;OCUPACION_%;CONTENIDO_DETALLE
CLABD/Stock/StorageBD/CLA-004-07-02-02;700;BLACK;A;89;70;[IBGB2400000722957] [DFKSUN0213-0800_C_50] Pack Ultra Light S Round Crystal Grey / Black x 50 unid | [IBGB2400000722606] [DFSU926001-CARE_C_50] Pack MONACO CAREY / GRADIENT BROWN x 50 unid | [IBGB2400000722536] [DFKSUN0244-0509_C_50] Pack JACKSON SQUARE SHINY BLACK / ORANGE x 50 unid | [IBGB2400000722534] [DFKSUN0244-0509_C_50] Pack JACKSON SQUARE SHINY BLACK / ORANGE x 50 unid | [IBGB2400000722533] [DFKSUN0244-0509_C_50] Pack JACKSON SQUARE SHINY BLACK / ORANGE x 50 unid | [IBGB2400000722431] [DFSU930001-GREE] Pack HURRICANE GRAD GREEN / ORANGE x 50 unid | [IBGB2400000722366] [DFSU929001-RED_C_50] Pack HURRICANE FIFTY GRAD RED / RED x 50 unid | [IBGB2400000722331] [DFSU929001-RED_C_50] Pack HURRICANE FIFTY GRAD RED / RED x 50 unid | [IBGB2400000722290] [DFSU929001-PURP] Pack HURRICANE FIFTY GRAD PURPLE / BLUE x 50 unid | [IBGB2400000722252] [DFSU929001-PURP] Pack HURRICANE FIFTY GRAD PURPLE / BLUE x 50 unid | [IBGB2400000722249] [DFSU929001-PURP] Pack HURRICANE FIFTY GRAD PURPLE / BLUE x 50 unid | [IBGB2400000722159] [DFKSUN5411-0003_C_50] Pack HURRICANE BLACK / RED x 50 unid | [IBGB2400000722158] [DFKSUN5411-0003_C_50] Pack HURRICANE BLACK / RED x 50 unid | [IBGB2400000722143] [DFKSUN5411-0003_C_50] Pack HURRICANE BLACK / RED x 50 unid
CLABD/Stock/StorageBD/CLA-004-07-02-03;950;BLACK;A+D;89;95;[IBGB2400000722961] [DFKSUN0213-0800_C_50] Pack Ultra Light S Round Crystal Grey / Black x 50 unid | [IBGB2400000722386] [DFSU929001-RED_C_50] Pack HURRICANE FIFTY GRAD RED / RED x 50 unid | [IBGB2400000722364] [DFSU929001-RED_C_50] Pack HURRICANE FIFTY GRAD RED / RED x 50 unid | [IBGB2400000721035] [DFSU918001-GREE_C_50] Pack ULTRA LIGHT SQ MED CRYSTAL GREEN / GRAD SMOKE x 50 unid | [IBGB2400000720960] [DFKSUN0181-0804_C_UNI_UNI_50] Pack Ultra Light SQ Med Black / G15 | [IBGB2400000720881] [DFKSUN0161-0800_C_UNI_UNI_50] Pack Ultra Light SQ Low Black / Black | [IBGB2400000720721] [DFKSUN0173-0800_C_UNI_UNI_50] Pack Ultra Light SQ High Navy / Black | [IBGB2400000720720] [DFKSUN0173-0800_C_UNI_UNI_50] Pack Ultra Light SQ High Navy / Black | [IBGB2400000720439] [DFKSUN0216-0813_C_50] Pack Ultra Light S Round Trans Brown / Trans Blue x 50 unid | [IBGB2400000720434] [DFKSUN0216-0813_C_50] Pack Ultra Light S Round Trans Brown / Trans Blue x 50 unid | [IBGB2400000720425] [DFKSUN0216-0813_C_50] Pack Ultra Light S Round Trans Brown / Trans Blue x 50 unid | [IBGB2400000720424] [DFKSUN0216-0813_C_50] Pack Ultra Light S Round Trans Brown / Trans Blue x 50 unid | [IBGB2400000720408] [DFKSUN0216-0813_C_50] Pack Ultra Light S Round Trans Brown / Trans Blue x 50 unid | [IBGB2400000720305] [DFKSUN0211-0802_C_50] Pack Ultra Light S Round Havana / Brown x 50 unid | [IBGB2400000720297] [DFKSUN0211-0802_C_50] Pack Ultra Light S Round Havana / Brown x 50 unid | [IBGB2400000720295] [DFKSUN0211-0802_C_50] Pack Ultra Light S Round Havana / Brown x 50 unid | [IBGB2400000720222] [DFKSUN0140-0801_C_UNI_UNI_50] Pack Ultra Light Max Black / Grad Black | [IBGB2400000719711] [DFKSUN0246-0800_C_UNI_UNI_50] Pack JACKSON SQUARE SHINY BLACK / SMOKE | [IBGB2400000719628] [DFSU944001-BLAC_C_50] PACK Boyd Black / Black
CLABD/Stock/StorageBD/CLA-004-07-03-01;800;BLACK;A+D;89;80;[IBGB2400000723016] [DFKSUN0213-0800_C_50] Pack Ultra Light S Round Crystal Grey / Black x 50 unid | [IBGB2400000723015] [DFKSUN0213-0800_C_50] Pack Ultra Light S Round Crystal Grey / Black x 50 unid | [IBGB2400000722664] [DFSU935001-BROW_C_50] PACK Quad Legacy Gold / Brown | [IBGB2400000722663] [DFSU935001-BROW_C_50] PACK Quad Legacy Gold / Brown | [IBGB2400000722660] [DFSU935001-BROW_C_50] PACK Quad Legacy Gold / Brown | [IBGB2400000722451] [DFSU930001-PURP] Pack HURRICANE GRAD PURPLE / PINK x 50 unid | [IBGB2400000722342] [DFSU929001-RED_C_50] Pack HURRICANE FIFTY GRAD RED / RED x 50 unid | [IBGB2400000722281] [DFSU929001-PURP] Pack HURRICANE FIFTY GRAD PURPLE / BLUE x 50 unid | [IBGB2400000722275] [DFSU929001-PURP] Pack HURRICANE FIFTY GRAD PURPLE / BLUE x 50 unid | [IBGB2400000722270] [DFSU929001-PURP] Pack HURRICANE FIFTY GRAD PURPLE / BLUE x 50 unid | [IBGB2400000722268] [DFSU929001-PURP] Pack HURRICANE FIFTY GRAD PURPLE / BLUE x 50 unid | [IBGB2400000722264] [DFSU929001-PURP] Pack HURRICANE FIFTY GRAD PURPLE / BLUE x 50 unid | [IBGB2400000722259] [DFSU929001-PURP] Pack HURRICANE FIFTY GRAD PURPLE / BLUE x 50 unid | [IBGB2400000722157] [DFKSUN5411-0003_C_50] Pack HURRICANE BLACK / RED x 50 unid | [IBGB2400000722156] [DFKSUN5411-0003_C_50] Pack HURRICANE BLACK / RED x 50 unid | [IBGB2400000722141] [DFKSUN5411-0003_C_50] Pack HURRICANE BLACK / RED x 50 unid
CLABD/Stock/StorageBD/CLA-004-08-01-01;550;BLACK;A;89;55;[IBGB2400000722983] [DFKSUN0213-0800_C_50] Pack Ultra Light S Round Crystal Grey / Black x 50 unid | [IBGB2400000722968] [DFKSUN0213-0800_C_50] Pack Ultra Light S Round Crystal Grey / Black x 50 unid | [IBGB2400000722461] [DFSU930001-PURP] Pack HURRICANE GRAD PURPLE / PINK x 50 unid | [IBGB2400000722459] [DFSU930001-PURP] Pack HURRICANE GRAD PURPLE / PINK x 50 unid | [IBGB2400000722455] [DFSU930001-PURP] Pack HURRICANE GRAD PURPLE / PINK x 50 unid | [IBGB2400000722445] [DFSU930001-PURP] Pack HURRICANE GRAD PURPLE / PINK x 50 unid | [IBGB2400000722318] [DFSU929001-PURP] Pack HURRICANE FIFTY GRAD PURPLE / BLUE x 50 unid | [IBGB2400000722195] [DFKSUN5411-0058_C_50] Pack HURRICANE BLACK / BLUE x 50 unid | [IBGB2400000722194] [DFKSUN5411-0058_C_50] Pack HURRICANE BLACK / BLUE x 50 unid | [IBGB2400000722172] [DFKSUN5411-0004_C_50] Pack HURRICANE BLACK / GREEN x 50 unid | [IBGB2400000722135] [DFKSUN5411-0003_C_50] Pack HURRICANE BLACK / RED x 50 unid
CLABD/Stock/StorageBD/CLA-004-08-02-03;1000;BLACK;A+D;89;100;[IBGB2400000723012] [DFKSUN0213-0800_C_50] Pack Ultra Light S Round Crystal Grey / Black x 50 unid | [IBGB2400000723010] [DFKSUN0213-0800_C_50] Pack Ultra Light S Round Crystal Grey / Black x 50 unid | [IBGB2400000723003] [DFKSUN0213-0800_C_50] Pack Ultra Light S Round Crystal Grey / Black x 50 unid | [IBGB2400000722998] [DFKSUN0213-0800_C_50] Pack Ultra Light S Round Crystal Grey / Black x 50 unid | [IBGB2400000722996] [DFKSUN0213-0800_C_50] Pack Ultra Light S Round Crystal Grey / Black x 50 unid | [IBGB2400000722993] [DFKSUN0213-0800_C_50] Pack Ultra Light S Round Crystal Grey / Black x 50 unid | [IBGB2400000722990] [DFKSUN0213-0800_C_50] Pack Ultra Light S Round Crystal Grey / Black x 50 unid | [IBGB2400000722921] [DFKSUN0213-0800_C_50] Pack Ultra Light S Round Crystal Grey / Black x 50 unid | [IBGB2400000722657] [DFSU935001-BLUE_C_50] PACK Quad Legacy Silver / Gradient Blue | [IBGB2400000722513] [DFKSUN0244-0509_C_50] Pack JACKSON SQUARE SHINY BLACK / ORANGE x 50 unid | [IBGB2400000722510] [DFKSUN0244-0509_C_50] Pack JACKSON SQUARE SHINY BLACK / ORANGE x 50 unid | [IBGB2400000722503] [DFKSUN0244-0509_C_50] Pack JACKSON SQUARE SHINY BLACK / ORANGE x 50 unid | [IBGB2400000722449] [DFSU930001-PURP] Pack HURRICANE GRAD PURPLE / PINK x 50 unid | [IBGB2400000722447] [DFSU930001-PURP] Pack HURRICANE GRAD PURPLE / PINK x 50 unid | [IBGB2400000722444] [DFSU930001-GREE] Pack HURRICANE GRAD GREEN / ORANGE x 50 unid | [IBGB2400000722358] [DFSU929001-RED_C_50] Pack HURRICANE FIFTY GRAD RED / RED x 50 unid | [IBGB2400000722337] [DFSU929001-RED_C_50] Pack HURRICANE FIFTY GRAD RED / RED x 50 unid | [IBGB2400000722258] [DFSU929001-PURP] Pack HURRICANE FIFTY GRAD PURPLE / BLUE x 50 unid | [IBGB2400000722199] [DFKSUN5411-0058_C_50] Pack HURRICANE BLACK / BLUE x 50 unid | [IBGB2400000722142] [DFKSUN5411-0003_C_50] Pack HURRICANE BLACK / RED x 50 unid
CLABD/Stock/StorageBD/CLA-004-08-03-02;1000;BLACK;A;89;100;[IBGB2400000723029] [DFKSUN0218_C_50] Pack Ultra Light S Round Trans Grey / Grey x 50 unid | [IBGB2400000723024] [DFKSUN0218_C_50] Pack Ultra Light S Round Trans Grey / Grey x 50 unid | [IBGB2400000723023] [DFKSUN0218_C_50] Pack Ultra Light S Round Trans Grey / Grey x 50 unid | [IBGB2400000723019] [DFKSUN0213-0800_C_50] Pack Ultra Light S Round Crystal Grey / Black x 50 unid | [IBGB2400000723002] [DFKSUN0213-0800_C_50] Pack Ultra Light S Round Crystal Grey / Black x 50 unid | [IBGB2400000723001] [DFKSUN0213-0800_C_50] Pack Ultra Light S Round Crystal Grey / Black x 50 unid | [IBGB2400000723000] [DFKSUN0213-0800_C_50] Pack Ultra Light S Round Crystal Grey / Black x 50 unid | [IBGB2400000722937] [DFKSUN0213-0800_C_50] Pack Ultra Light S Round Crystal Grey / Black x 50 unid | [IBGB2400000722927] [DFKSUN0213-0800_C_50] Pack Ultra Light S Round Crystal Grey / Black x 50 unid | [IBGB2400000722923] [DFKSUN0213-0800_C_50] Pack Ultra Light S Round Crystal Grey / Black x 50 unid | [IBGB2400000722509] [DFKSUN0244-0509_C_50] Pack JACKSON SQUARE SHINY BLACK / ORANGE x 50 unid | [IBGB2400000722493] [DFKSUN0244-0509_C_50] Pack JACKSON SQUARE SHINY BLACK / ORANGE x 50 unid | [IBGB2400000722489] [DFKSUN0244-0509_C_50] Pack JACKSON SQUARE SHINY BLACK / ORANGE x 50 unid | [IBGB2400000722488] [DFKSUN0244-0509_C_50] Pack JACKSON SQUARE SHINY BLACK / ORANGE x 50 unid | [IBGB2400000722448] [DFSU930001-PURP] Pack HURRICANE GRAD PURPLE / PINK x 50 unid | [IBGB2400000722357] [DFSU929001-RED_C_50] Pack HURRICANE FIFTY GRAD RED / RED x 50 unid | [IBGB2400000722346] [DFSU929001-RED_C_50] Pack HURRICANE FIFTY GRAD RED / RED x 50 unid | [IBGB2400000722345] [DFSU929001-RED_C_50] Pack HURRICANE FIFTY GRAD RED / RED x 50 unid | [IBGB2400000722332] [DFSU929001-RED_C_50] Pack HURRICANE FIFTY GRAD RED / RED x 50 unid | [IBGB2400000722274] [DFSU929001-PURP] Pack HURRICANE FIFTY GRAD PURPLE / BLUE x 50 unid
CLABD/Stock/StorageBD/CLA-004-08-03-03;900;BLACK;A;89;90;[IBGB2400000723020] [DFKSUN0218_C_50] Pack Ultra Light S Round Trans Grey / Grey x 50 unid | [IBGB2400000723004] [DFKSUN0213-0800_C_50] Pack Ultra Light S Round Crystal Grey / Black x 50 unid | [IBGB2400000722999] [DFKSUN0213-0800_C_50] Pack Ultra Light S Round Crystal Grey / Black x 50 unid | [IBGB2400000722995] [DFKSUN0213-0800_C_50] Pack Ultra Light S Round Crystal Grey / Black x 50 unid | [IBGB2400000722938] [DFKSUN0213-0800_C_50] Pack Ultra Light S Round Crystal Grey / Black x 50 unid | [IBGB2400000722931] [DFKSUN0213-0800_C_50] Pack Ultra Light S Round Crystal Grey / Black x 50 unid | [IBGB2400000722930] [DFKSUN0213-0800_C_50] Pack Ultra Light S Round Crystal Grey / Black x 50 unid | [IBGB2400000722924] [DFKSUN0213-0800_C_50] Pack Ultra Light S Round Crystal Grey / Black x 50 unid | [IBGB2400000722522] [DFKSUN0244-0509_C_50] Pack JACKSON SQUARE SHINY BLACK / ORANGE x 50 unid | [IBGB2400000722502] [DFKSUN0244-0509_C_50] Pack JACKSON SQUARE SHINY BLACK / ORANGE x 50 unid | [IBGB2400000722497] [DFKSUN0244-0509_C_50] Pack JACKSON SQUARE SHINY BLACK / ORANGE x 50 unid | [IBGB2400000722494] [DFKSUN0244-0509_C_50] Pack JACKSON SQUARE SHINY BLACK / ORANGE x 50 unid | [IBGB2400000722353] [DFSU929001-RED_C_50] Pack HURRICANE FIFTY GRAD RED / RED x 50 unid | [IBGB2400000722341] [DFSU929001-RED_C_50] Pack HURRICANE FIFTY GRAD RED / RED x 50 unid | [IBGB2400000722334] [DFSU929001-RED_C_50] Pack HURRICANE FIFTY GRAD RED / RED x 50 unid | [IBGB2400000722282] [DFSU929001-PURP] Pack HURRICANE FIFTY GRAD PURPLE / BLUE x 50 unid | [IBGB2400000722271] [DFSU929001-PURP] Pack HURRICANE FIFTY GRAD PURPLE / BLUE x 50 unid | [IBGB2400000722267] [DFSU929001-PURP] Pack HURRICANE FIFTY GRAD PURPLE / BLUE x 50 unid
CLABD/Stock/StorageBD/CLA-004-09-01-01;1050;BLACK;A+D;89;105;[IBGB2400000721081] [DFSU918001-TRAN_C_50] Pack ULTRA LIGHT SQ MED TRANSPARENT / SMOKE x 50 unid | [IBGB2400000721039] [DFSU918001-TORT_C_50] Pack ULTRA LIGHT SQ MED TORTOISE / SMOKE x 50 unid | [IBGB2400000721028] [DFSU918001-GREE_C_50] Pack ULTRA LIGHT SQ MED CRYSTAL GREEN / GRAD SMOKE x 50 unid | [IBGB2400000721026] [DFSU918001-GREE_C_50] Pack ULTRA LIGHT SQ MED CRYSTAL GREEN / GRAD SMOKE x 50 unid | [IBGB2400000721016] [DFSU918001-GREE_C_50] Pack ULTRA LIGHT SQ MED CRYSTAL GREEN / GRAD SMOKE x 50 unid | [IBGB2400000721012] [DFSU918001-GREE_C_50] Pack ULTRA LIGHT SQ MED CRYSTAL GREEN / GRAD SMOKE x 50 unid | [IBGB2400000721007] [DFSU918001-GREE_C_50] Pack ULTRA LIGHT SQ MED CRYSTAL GREEN / GRAD SMOKE x 50 unid | [IBGB2400000721006] [DFSU918001-GREE_C_50] Pack ULTRA LIGHT SQ MED CRYSTAL GREEN / GRAD SMOKE x 50 unid | [IBGB2400000721000] [DFSU918001-GREE_C_50] Pack ULTRA LIGHT SQ MED CRYSTAL GREEN / GRAD SMOKE x 50 unid | [IBGB2400000720993] [DFKSUN0182-0801_C_UNI_UNI_50] Pack ULTRA LIGHT SQ MED BLACK / GRAD BLACK | [IBGB2400000720974] [DFKSUN0182-0801_C_UNI_UNI_50] Pack ULTRA LIGHT SQ MED BLACK / GRAD BLACK | [IBGB2400000720957] [DFKSUN0181-0804_C_UNI_UNI_50] Pack Ultra Light SQ Med Black / G15 | [IBGB2400000720948] [DFKSUN0181-0804_C_UNI_UNI_50] Pack Ultra Light SQ Med Black / G15 | [IBGB2400000719934] [DFSU921001-TRAN_C_50] Pack JIGGY TRANSPARENT / SMOKE x 50 unid | [IBGB2400000719884] [DFSU921001-GREE_C_50] Pack JIGGY CRYSTAL GREEN / SMOKE x 50 unid | [IBGB2400000719819] [DFSU921001-BLAC_C_50] Pack JIGGY BLACK / BLACK x 50 unid | [IBGB2400000719793] [DFSU921001-BLAC_C_50] Pack JIGGY BLACK / BLACK x 50 unid | [IBGB2400000719774] [DFSU921001-AMBE_C_50] PACK Jiggy Crystal Amber / Blue | [IBGB2400000719767] [DFSU921001-AMBE_C_50] PACK Jiggy Crystal Amber / Blue | [IBGB2400000719757] [DFSU921001-AMBE_C_50] PACK Jiggy Crystal Amber / Blue | [IBGB2400000722940] [DFKSUN0213-0800_C_50] Pack Ultra Light S Round Crystal Grey / Black x 50 unid
CLABD/Stock/StorageBD/CLA-004-09-01-02;1150;BLACK;A+D;89;115;[IBGB2400000723027] [DFKSUN0218_C_50] Pack Ultra Light S Round Trans Grey / Grey x 50 unid | [IBGB2400000723026] [DFKSUN0218_C_50] Pack Ultra Light S Round Trans Grey / Grey x 50 unid | [IBGB2400000723025] [DFKSUN0218_C_50] Pack Ultra Light S Round Trans Grey / Grey x 50 unid | [IBGB2400000723018] [DFKSUN0213-0800_C_50] Pack Ultra Light S Round Crystal Grey / Black x 50 unid | [IBGB2400000723014] [DFKSUN0213-0800_C_50] Pack Ultra Light S Round Crystal Grey / Black x 50 unid | [IBGB2400000723013] [DFKSUN0213-0800_C_50] Pack Ultra Light S Round Crystal Grey / Black x 50 unid | [IBGB2400000723009] [DFKSUN0213-0800_C_50] Pack Ultra Light S Round Crystal Grey / Black x 50 unid | [IBGB2400000723006] [DFKSUN0213-0800_C_50] Pack Ultra Light S Round Crystal Grey / Black x 50 unid | [IBGB2400000723005] [DFKSUN0213-0800_C_50] Pack Ultra Light S Round Crystal Grey / Black x 50 unid | [IBGB2400000722997] [DFKSUN0213-0800_C_50] Pack Ultra Light S Round Crystal Grey / Black x 50 unid | [IBGB2400000722988] [DFKSUN0213-0800_C_50] Pack Ultra Light S Round Crystal Grey / Black x 50 unid | [IBGB2400000722944] [DFKSUN0213-0800_C_50] Pack Ultra Light S Round Crystal Grey / Black x 50 unid | [IBGB2400000722942] [DFKSUN0213-0800_C_50] Pack Ultra Light S Round Crystal Grey / Black x 50 unid | [IBGB2400000722935] [DFKSUN0213-0800_C_50] Pack Ultra Light S Round Crystal Grey / Black x 50 unid | [IBGB2400000722934] [DFKSUN0213-0800_C_50] Pack Ultra Light S Round Crystal Grey / Black x 50 unid | [IBGB2400000722932] [DFKSUN0213-0800_C_50] Pack Ultra Light S Round Crystal Grey / Black x 50 unid | [IBGB2400000722652] [DFSU935001-BLUE_C_50] PACK Quad Legacy Silver / Gradient Blue | [IBGB2400000722526] [DFKSUN0244-0509_C_50] Pack JACKSON SQUARE SHINY BLACK / ORANGE x 50 unid | [IBGB2400000722446] [DFSU930001-PURP] Pack HURRICANE GRAD PURPLE / PINK x 50 unid | [IBGB2400000722263] [DFSU929001-PURP] Pack HURRICANE FIFTY GRAD PURPLE / BLUE x 50 unid | [IBGB2400000722139] [DFKSUN5411-0003_C_50] Pack HURRICANE BLACK / RED x 50 unid | [IBGB2400000722131] [DFKSUN5411-0003_C_50] Pack HURRICANE BLACK / RED x 50 unid | [IBGB2400000722433] [DFSU930001-GREE] Pack HURRICANE GRAD GREEN / ORANGE x 50 unid
CLABD/Stock/StorageBD/CLA-052-02-02-01;550;BLACK;A+D;89;55;[IBGB2400000722974] [DFKSUN0213-0800_C_50] Pack Ultra Light S Round Crystal Grey / Black x 50 unid | [IBGB2400000722969] [DFKSUN0213-0800_C_50] Pack Ultra Light S Round Crystal Grey / Black x 50 unid | [IBGB2400000722966] [DFKSUN0213-0800_C_50] Pack Ultra Light S Round Crystal Grey / Black x 50 unid | [IBGB2400000722941] [DFKSUN0213-0800_C_50] Pack Ultra Light S Round Crystal Grey / Black x 50 unid | [IBGB2400000722651] [DFSU935001-BLUE_C_50] PACK Quad Legacy Silver / Gradient Blue | [IBGB2400000722553] [DFKSUN0244-0509_C_50] Pack JACKSON SQUARE SHINY BLACK / ORANGE x 50 unid | [IBGB2400000722546] [DFKSUN0244-0509_C_50] Pack JACKSON SQUARE SHINY BLACK / ORANGE x 50 unid | [IBGB2400000722544] [DFKSUN0244-0509_C_50] Pack JACKSON SQUARE SHINY BLACK / ORANGE x 50 unid | [IBGB2400000722539] [DFKSUN0244-0509_C_50] Pack JACKSON SQUARE SHINY BLACK / ORANGE x 50 unid | [IBGB2400000722532] [DFKSUN0244-0509_C_50] Pack JACKSON SQUARE SHINY BLACK / ORANGE x 50 unid | [IBGB2400000722518] [DFKSUN0244-0509_C_50] Pack JACKSON SQUARE SHINY BLACK / ORANGE x 50 unid
CLABD/Stock/StorageBD/CLA-054-03-03-02;600;BLACK;A+D;143;60;[IBGB2400000576539] [DFKSUN0213-0800_C_50] Pack Ultra Light S Round Crystal Grey / Black x 50 unid | [IBGB2400000566026] [DFSU919001-TORT_C_50] PACK Ultra Light S Square Matte Tort / Photochromic Brown | [IBGB2400000566023] [DFSU919001-TORT_C_50] PACK Ultra Light S Square Matte Tort / Photochromic Brown | [IBGB2400000565982] [DFSU919001-LAVE_C_50] PACK Ultra Light S Square Trans / Photochromic Lavender | [IBGB2400000565975] [DFSU919001-LAVE_C_50] PACK Ultra Light S Square Trans / Photochromic Lavender | [IBGB2400000565967] [DFSU919001-LAVE_C_50] PACK Ultra Light S Square Trans / Photochromic Lavender | [IBGB2400000565957] [DFSU919001-LAVE_C_50] PACK Ultra Light S Square Trans / Photochromic Lavender | [IBGB2400000565955] [DFSU919001-LAVE_C_50] PACK Ultra Light S Square Trans / Photochromic Lavender | [IBGB2400000564823] [DFSU942001-BLAC_C_50] PACK Ultra Light Ellipse Black / Black | [IBGB2400000564814] [DFSU942001-BLAC_C_50] PACK Ultra Light Ellipse Black / Black | [IBGB2400000564805] [DFSU942001-BLAC_C_50] PACK Ultra Light Ellipse Black / Black | [IBGB2400000564802] [DFSU942001-BLAC_C_50] PACK Ultra Light Ellipse Black / Black
CLABD/Stock/StorageBD/CLA-054-07-01-01;650;BLACK;D+A;143;65;[IBGB2400000771971] [DFSU942001-CREA] Ultra Light Ellipse Cream / Brown | [IBGB2400000564812] [DFSU942001-BLAC_C_50] PACK Ultra Light Ellipse Black / Black | [IBGB2400000771968] [DFSU942001-TORT] Ultra Light Ellipse Amber Tort / Blue | [IBGB2400000771962] [DFSU942001-TORT] Ultra Light Ellipse Amber Tort / Blue | [IBGB2400000771950] [DFSU942001-CREA] Ultra Light Ellipse Cream / Brown | [IBGB2400000564817] [DFSU942001-BLAC_C_50] PACK Ultra Light Ellipse Black / Black | [IBGB2400000564811] [DFSU942001-BLAC_C_50] PACK Ultra Light Ellipse Black / Black | [IBGB2400000620395] [DFKSUN0218_C_50] Pack Ultra Light S Round Trans Grey / Grey x 50 unid | [IBGB2400000620375] [DFKSUN0218_C_50] Pack Ultra Light S Round Trans Grey / Grey x 50 unid | [IBGB2400000620184] [DFKSUN0213-0800_C_50] Pack Ultra Light S Round Crystal Grey / Black x 50 unid | [IBGB2400000620128] [DFKSUN0212-0800_C_UNI_UNI_50] Pack Ultra Light S Round Black / Black | [IBGB2400000620115] [DFKSUN0212-0800_C_UNI_UNI_50] Pack Ultra Light S Round Black / Black | [IBGB2400000620110] [DFKSUN0212-0800_C_UNI_UNI_50] Pack Ultra Light S Round Black / Black
CLABD/Stock/StorageBD/CLA-054-09-01-03;910;BLACK;D+B+A;1095;170;[IBGB2400000341621] [DFBG25S001-WHIT_C_50] PACK PASTA LOVER TOTE BAG NATURAL | [IBGB2400000341619] [DFBG25S001-WHIT_C_50] PACK PASTA LOVER TOTE BAG NATURAL | [IBGB2400000341616] [DFBG25S001-WHIT_C_50] PACK PASTA LOVER TOTE BAG NATURAL | [IBGB2400000341607] [DFBG25S001-WHIT_C_50] PACK PASTA LOVER TOTE BAG NATURAL | [IBGB2400000341600] [DFBG25S001-WHIT_C_50] PACK PASTA LOVER TOTE BAG NATURAL | [IBGB2400000181677] [DFTXPUF005-NAVY_C_XL_XL_10] PACK Puffer Jacket Navy | [IBG2023001126232] [DFACEYE006-GREE_C_50] Pack Link Chain Green x 50 unid | [IBG2023001126218] [DFACEYE006-GREE_C_50] Pack Link Chain Green x 50 unid | [IBG2023001126171] [DFACEYE006-PURP_C_50] Pack Link Chain Purple x 50 unid | [IBG2023001125785] [DFACEYE003-GREE_C_50] Pack Link Chain Green x 50 unid | [FKD 000018070092] [DFKCOR0507-0019] Link Chain Mint / Pink | [FKD 000018070091] [DFKCOR0507-0019] Link Chain Mint / Pink | [FKD 000018070089] [DFKCOR0507-0019] Link Chain Mint / Pink | [FKD 000018070088] [DFKCOR0507-0019] Link Chain Mint / Pink | [FKD 000018070087] [DFKCOR0507-0019] Link Chain Mint / Pink | [IBGB2400000809185] [DFKSUN0244-0509] JACKSON SQUARE SHINY BLACK / ORANGE | [IBGB2400000809182] [DFSU929001-RED] HURRICANE FIFTY GRAD RED / RED | [IBGB2400000809181] [DFKSUN0213-0800] Ultra Light S Round Crystal Grey / Black | [IBGB2400000809176] [DFSU929001-PURP] HURRICANE FIFTY GRAD PURPLE / BLUE
CLABD/Stock/StorageBD/CLA-056-01-01-01;650;BLACK;A+D+B;876;65;[IBGB2400000650635] [DFKSUN0229] Bahamas Crystal Green / Smoke Green | [IBGB2400000650632] [DFKSUN0229] Bahamas Crystal Green / Smoke Green | [IBGB2400000565518] [DFSU934001-TRAN_C_50] PACK Ultra Light Round Trans / G15 | [IBG2023000643624] [DFSU901001-GREE_C_50] Pack Alpha Matt Black / Green x 50 unid | [IBG2023000643587] [DFSU901001-GREE_C_50] Pack Alpha Matt Black / Green x 50 unid | [IBG2023000643495] [DFSU901001-GREE_C_50] Pack Alpha Matt Black / Green x 50 unid | [IBGB2400000516753] [DFSU947001-SILV_C_50] PACK Cuprum Diamond Silver / Black | [IBGB2400000516752] [DFSU947001-SILV_C_50] PACK Cuprum Diamond Silver / Black | [IBGB2400000516738] [DFSU947001-GOLD_C_50] PACK Cuprum Diamond Gold / G15 | [IBGB2400000516735] [DFSU947001-GOLD_C_50] PACK Cuprum Diamond Gold / G15 | [IBGB2400000516729] [DFSU947001-GOLD_C_50] PACK Cuprum Diamond Gold / G15 | [IBGB2400000576480] [DFKSUN0213-0800_C_50] Pack Ultra Light S Round Crystal Grey / Black x 50 unid | [IBGB2400000564654] [DFSU921001-GREE_C_50] Pack JIGGY CRYSTAL GREEN / SMOKE x 50 unid
CLABD/Stock/StorageBD/CLA-056-03-01-02;900;BLACK;D+A;639;90;[IBGB2400000566025] [DFSU919001-TORT_C_50] PACK Ultra Light S Square Matte Tort / Photochromic Brown | [IBGB2400000566024] [DFSU919001-TORT_C_50] PACK Ultra Light S Square Matte Tort / Photochromic Brown | [IBGB2400000566019] [DFSU919001-TORT_C_50] PACK Ultra Light S Square Matte Tort / Photochromic Brown | [IBGB2400000375014] [DFSU942001-BLAC_C_50] PACK Ultra Light Ellipse Black / Black | [IBG2023001458906] [DFSU152010-BLUE_C_50] Pack Infinity Matt Black / Blue Revo x 50 unid | [IBG2023001458517] [DFSU152010-BLUE_C_50] Pack Infinity Matt Black / Blue Revo x 50 unid | [IBGB2400000576543] [DFKSUN0213-0800_C_50] Pack Ultra Light S Round Crystal Grey / Black x 50 unid | [IBGB2400000576487] [DFKSUN0213-0800_C_50] Pack Ultra Light S Round Crystal Grey / Black x 50 unid | [IBGB2400000576504] [DFKSUN0213-0800_C_50] Pack Ultra Light S Round Crystal Grey / Black x 50 unid | [IBGB2400000576491] [DFKSUN0213-0800_C_50] Pack Ultra Light S Round Crystal Grey / Black x 50 unid | [IBGB2400000620175] [DFKSUN0212-0800_C_UNI_UNI_50] Pack Ultra Light S Round Black / Black | [IBGB2400000620122] [DFKSUN0212-0800_C_UNI_UNI_50] Pack Ultra Light S Round Black / Black | [IBGB2400000576359] [DFKSUN0212-0800_C_UNI_UNI_50] Pack Ultra Light S Round Black / Black | [IBGB2400000576349] [DFKSUN0212-0800_C_UNI_UNI_50] Pack Ultra Light S Round Black / Black | [IBGB2400000576347] [DFKSUN0212-0800_C_UNI_UNI_50] Pack Ultra Light S Round Black / Black | [IBGB2400000576337] [DFKSUN0212-0800_C_UNI_UNI_50] Pack Ultra Light S Round Black / Black | [IBGB2400000576336] [DFKSUN0212-0800_C_UNI_UNI_50] Pack Ultra Light S Round Black / Black | [IBGB2400000565634] [DFKSUN0211-0802_C_50] Pack Ultra Light S Round Havana / Brown x 50 unid
CLABD/Stock/StorageBD/CLA-057-02-01-02;1000;BLACK;D+A+B;353;100;[IBGB2400000564999] [DFSU942001-TORT_C_50] PACK Ultra Light Ellipse Amber Tort / Blue | [IBGB2400000564979] [DFSU942001-TORT_C_50] PACK Ultra Light Ellipse Amber Tort / Blue | [IBGB2400000357641] [DFKSUN0561-0011_C_50] Pack Wind Black / Blue x 50 unid | [IBGB2400000357639] [DFKSUN0561-0011_C_50] Pack Wind Black / Blue x 50 unid | [IBGB2400000357611] [DFKSUN0561-0011_C_50] Pack Wind Black / Blue x 50 unid | [IBGB2400000357600] [DFKSUN0561-0011_C_50] Pack Wind Black / Blue x 50 unid | [IBGB2400000258155] [DFSU931001-RED] Pack WIND FIFTY GRAD RED / RED x 50 unid | [IBGB2400000258145] [DFSU931001-RED] Pack WIND FIFTY GRAD RED / RED x 50 unid | [IBGB2400000360099] [DFSU915001-TRAN_C_50] Pack 913 TRANSPARENT / G15 x 50 unid | [IBGB2400000359868] [DFKSUN0261-0803_C_UNI_UNI_50] Pack 913 SHINY DEMI / GRADIENT BROWN | [IBGB2400000359855] [DFKSUN0261-0803_C_UNI_UNI_50] Pack 913 SHINY DEMI / GRADIENT BROWN | [IBGB2400000359850] [DFKSUN0261-0803_C_UNI_UNI_50] Pack 913 SHINY DEMI / GRADIENT BROWN | [IBGB2400000360084] [DFSU915001-TRAN_C_50] Pack 913 TRANSPARENT / G15 x 50 unid | [IBGB2400000359987] [DFSU915001-AMBE_C_50] Pack 913 AMBER / SMOKE x 50 unid | [IBGB2400000576517] [DFKSUN0213-0800_C_50] Pack Ultra Light S Round Crystal Grey / Black x 50 unid | [IBGB2400000566038] [DFSU919001-TORT_C_50] PACK Ultra Light S Square Matte Tort / Photochromic Brown | [IBGB2400000566013] [DFSU919001-TORT_C_50] PACK Ultra Light S Square Matte Tort / Photochromic Brown | [IBGB2400000564990] [DFSU942001-TORT_C_50] PACK Ultra Light Ellipse Amber Tort / Blue | [IBGB2400000564661] [DFSU921001-GREE_C_50] Pack JIGGY CRYSTAL GREEN / SMOKE x 50 unid | [IBGB2400000564380] [DFKSUN0521-0800_C_UNI_UNI_50] Pack America Round Black / Black
CLABD/Stock/StorageBD/CLA-057-03-03-01;800;BLACK;A+D;171;80;[IBGB2400000572318] [DFSU906003-GOLD_C_50] PACK ROUND LEGACY GOLD / PHOTOCHROMIC BLACK | [IBGB2400000572317] [DFSU906003-GOLD_C_50] PACK ROUND LEGACY GOLD / PHOTOCHROMIC BLACK | [IBGB2400000572315] [DFSU906003-GOLD_C_50] PACK ROUND LEGACY GOLD / PHOTOCHROMIC BLACK | [IBGB2400000572312] [DFSU906003-GOLD_C_50] PACK ROUND LEGACY GOLD / PHOTOCHROMIC BLACK | [IBGB2400000572309] [DFSU906003-GOLD_C_50] PACK ROUND LEGACY GOLD / PHOTOCHROMIC BLACK | [IBGB2400000572246] [DFSU906004-RED_C_50] PACK HEX LEGACY BLACK / RED | [IBGB2400000572244] [DFSU906004-RED_C_50] PACK HEX LEGACY BLACK / RED | [IBGB2400000572235] [DFSU906004-PURP_C_50] PACK HEX LEGACY SILVER / LAVENDER | [IBGB2400000572229] [DFSU906004-BROW_C_50] PACK HEX LEGACY GOLD / PHOTOCHROMIC BROWN | [IBGB2400000572224] [DFSU906004-BROW_C_50] PACK HEX LEGACY GOLD / PHOTOCHROMIC BROWN | [IBGB2400000572201] [DFSU902005-SILV_C_50] PACK Aviator Legacy Silver / Silver | [IBGB2400000572199] [DFSU902005-SILV_C_50] PACK Aviator Legacy Silver / Silver | [IBGB2400000572196] [DFSU902005-RED_C_50] PACK Aviator Legacy Gold / Photochromic Red | [IBGB2400000572194] [DFSU902005-GOLD_C_50] PACK Aviator Legacy Gold / Photochromic G15 | [IBGB2400000572193] [DFSU902005-GOLD_C_50] PACK Aviator Legacy Gold / Photochromic G15 | [IBGB2400000576467] [DFKSUN0213-0800_C_50] Pack Ultra Light S Round Crystal Grey / Black x 50 unid
CLABD/Stock/StorageBD/CLA-057-03-03-02;900;BLACK;A;89;90;[IBGB2400000722979] [DFKSUN0213-0800_C_50] Pack Ultra Light S Round Crystal Grey / Black x 50 unid | [IBGB2400000722955] [DFKSUN0213-0800_C_50] Pack Ultra Light S Round Crystal Grey / Black x 50 unid | [IBGB2400000722550] [DFKSUN0244-0509_C_50] Pack JACKSON SQUARE SHINY BLACK / ORANGE x 50 unid | [IBGB2400000722442] [DFSU930001-GREE] Pack HURRICANE GRAD GREEN / ORANGE x 50 unid | [IBGB2400000722439] [DFSU930001-GREE] Pack HURRICANE GRAD GREEN / ORANGE x 50 unid | [IBGB2400000722381] [DFSU929001-RED_C_50] Pack HURRICANE FIFTY GRAD RED / RED x 50 unid | [IBGB2400000722289] [DFSU929001-PURP] Pack HURRICANE FIFTY GRAD PURPLE / BLUE x 50 unid | [IBGB2400000722245] [DFSU929001-PURP] Pack HURRICANE FIFTY GRAD PURPLE / BLUE x 50 unid | [IBGB2400000722240] [DFSU929001-PURP] Pack HURRICANE FIFTY GRAD PURPLE / BLUE x 50 unid | [IBGB2400000722209] [DFKSUN5412-0020_C_50] Pack HURRICANE BLACK / PHOTOCHROMIC x 50 unid | [IBGB2400000722205] [DFKSUN5412-0020_C_50] Pack HURRICANE BLACK / PHOTOCHROMIC x 50 unid | [IBGB2400000722186] [DFKSUN5411-0058_C_50] Pack HURRICANE BLACK / BLUE x 50 unid | [IBGB2400000722176] [DFKSUN5411-0020_C_50] Pack HURRICANE BLACK / BLACK x 50 unid | [IBGB2400000722174] [DFKSUN5411-0020_C_50] Pack HURRICANE BLACK / BLACK x 50 unid | [IBGB2400000722165] [DFKSUN5411-0003_C_50] Pack HURRICANE BLACK / RED x 50 unid | [IBGB2400000722154] [DFKSUN5411-0003_C_50] Pack HURRICANE BLACK / RED x 50 unid | [IBGB2400000722153] [DFKSUN5411-0003_C_50] Pack HURRICANE BLACK / RED x 50 unid | [IBGB2400000722149] [DFKSUN5411-0003_C_50] Pack HURRICANE BLACK / RED x 50 unid
CLABD/Stock/StorageBD/CLA-057-04-01-01;850;BLACK;D+A+B;297;85;[IBGB2400000369810] [DFSU902005-SILV_C_50] PACK Aviator Legacy Silver / Silver | [IBGB2400000369796] [DFSU902005-GOLD_C_50] PACK Aviator Legacy Gold / Photochromic G15 | [IBGB2400000369793] [DFSU902005-GOLD_C_50] PACK Aviator Legacy Gold / Photochromic G15 | [IBGB2400000369791] [DFSU902005-GOLD_C_50] PACK Aviator Legacy Gold / Photochromic G15 | [IBGB2400000369789] [DFSU902002-BROW] Aviator Legacy Gold / Brown | [IBGB2400000572205] [DFSU906002-BLAC_C_50] PACK CAT-EYE LEGACY BLACK / GRADIENT GREY | [IBGB2400000564995] [DFSU942001-TORT_C_50] PACK Ultra Light Ellipse Amber Tort / Blue | [IBGB2400000564929] [DFSU942001-CREA_C_50] PACK Ultra Light Ellipse Cream / Brown | [IBGB2400000561144] [DFKSUN0213-0800_C_50] Pack Ultra Light S Round Crystal Grey / Black x 50 unid | [IBGB2400000737577] [DFKSUN0211-0802] Ultra Light S Round Havana / Brown | [IBGB2400000737572] [DFKSUN0211-0802] Ultra Light S Round Havana / Brown | [IBGB2400000737571] [DFSU942001-TORT] Ultra Light Ellipse Amber Tort / Blue | [IBGB2400000565860] [DFSU919001-GREY_C_50] PACK Ultra Light S Square Gradient Grey / Brown | [IBGB2400000565834] [DFSU919001-GREY_C_50] PACK Ultra Light S Square Gradient Grey / Brown | [IBGB2400000536244] [DFSU936001-ORAN_C_50] PACK Pitch Black / Orange | [IBGB2400000536232] [DFSU936001-ORAN_C_50] PACK Pitch Black / Orange | [IBGB2400000536231] [DFSU936001-ORAN_C_50] PACK Pitch Black / Orange
CLABD/Stock/StorageBD/CLA-057-05-03-01;396;BLACK;A+B;143;110;[IBGB2400000545731] [DFSH370012-TAUP_C_42_42_12] PACK Nordic  Trk Fur Gradient Taupe | [IBGB2400000545721] [DFSH370012-TAUP_C_41_41_12] Pack NORDIC TRK FUR TAUPE (41) x 12 unid | [IBGB2400000545698] [DFSH370012-TAUP_C_40_40_12] Pack NORDIC TRK FUR TAUPE (40) x 12 unid | [IBGB2400000545667] [DFSH370012-TAUP_C_39_39_12] Pack NORDIC TRK FUR TAUPE (39) x 12 unid | [IBGB2400000545629] [DFSH370012-TAUP_C_38_38_12] Pack NORDIC TRK FUR TAUPE (38) x 12 unid | [IBGB2400000545619] [DFSH370012-TAUP_C_38_38_12] Pack NORDIC TRK FUR TAUPE (38) x 12 unid | [IBGB2400000545614] [DFSH370012-TAUP_C_37_37_12] Pack NORDIC TRK FUR TAUPE (37) x 12 unid | [IBGB2400000545597] [DFSH370012-TAUP_C_36_36_12] Pack NORDIC TRK FUR TAUPE (36) x 12 unid | [IBGB2400000576482] [DFKSUN0213-0800_C_50] Pack Ultra Light S Round Crystal Grey / Black x 50 unid | [IBGB2400000564427] [DFSU914001-CARE_C_50] Pack BAHAMAS DARK CAREY / GRAD BROWN x 50 unid | [IBGB2400000563280] [DFSU082010-BROW_C_50] Pack Roller TR90 Milky Brown / Grad Brown x 50 unid | [IBGB2400000563279] [DFSU082010-BROW_C_50] Pack Roller TR90 Milky Brown / Grad Brown x 50 unid | [IBGB2400000563275] [DFSU082010-BROW_C_50] Pack Roller TR90 Milky Brown / Grad Brown x 50 unid | [IBGB2400000563271] [DFSU082010-BROW_C_50] Pack Roller TR90 Milky Brown / Grad Brown x 50 unid
CLABD/Stock/StorageBD/CLA-057-06-01-02;700;BLACK;A+D;143;70;[IBGB2400000576537] [DFKSUN0213-0800_C_50] Pack Ultra Light S Round Crystal Grey / Black x 50 unid | [IBGB2400000576524] [DFKSUN0213-0800_C_50] Pack Ultra Light S Round Crystal Grey / Black x 50 unid | [IBGB2400000576500] [DFKSUN0213-0800_C_50] Pack Ultra Light S Round Crystal Grey / Black x 50 unid | [IBGB2400000576497] [DFKSUN0213-0800_C_50] Pack Ultra Light S Round Crystal Grey / Black x 50 unid | [IBGB2400000576484] [DFKSUN0213-0800_C_50] Pack Ultra Light S Round Crystal Grey / Black x 50 unid | [IBGB2400000576481] [DFKSUN0213-0800_C_50] Pack Ultra Light S Round Crystal Grey / Black x 50 unid | [IBGB2400000566021] [DFSU919001-TORT_C_50] PACK Ultra Light S Square Matte Tort / Photochromic Brown | [IBGB2400000565098] [DFSU943001-OLIV_C_50] PACK Ultra Light Landscape Olive / Brown | [IBGB2400000565093] [DFSU943001-OLIV_C_50] PACK Ultra Light Landscape Olive / Brown | [IBGB2400000565053] [DFSU943001-BROW_C_50] PACK Ultra Light Landscape Brown / Brown | [IBGB2400000565051] [DFSU943001-BROW_C_50] PACK Ultra Light Landscape Brown / Brown | [IBGB2400000565050] [DFSU943001-BROW_C_50] PACK Ultra Light Landscape Brown / Brown | [IBGB2400000564818] [DFSU942001-BLAC_C_50] PACK Ultra Light Ellipse Black / Black | [IBGB2400000564665] [DFSU921001-GREE_C_50] Pack JIGGY CRYSTAL GREEN / SMOKE x 50 unid
CLABD/Stock/StorageBD/CLA-057-08-01-01;597;BLACK;B+A;968;65;[IBGB2400000258156] [DFSU931001-RED] Pack WIND FIFTY GRAD RED / RED x 50 unid | [IBGB2400000258152] [DFSU931001-RED] Pack WIND FIFTY GRAD RED / RED x 50 unid | [IBGB2400000258148] [DFSU931001-RED] Pack WIND FIFTY GRAD RED / RED x 50 unid | [IBGB2400000258146] [DFSU931001-RED] Pack WIND FIFTY GRAD RED / RED x 50 unid | [IBGB2400000258144] [DFSU931001-RED] Pack WIND FIFTY GRAD RED / RED x 50 unid | [IBGB2400000258143] [DFSU931001-RED] Pack WIND FIFTY GRAD RED / RED x 50 unid | [IBGB2400000572307] [DFSU906003-GOLD_C_50] PACK ROUND LEGACY GOLD / PHOTOCHROMIC BLACK | [IBGB2400000291584] [DFSU909001-DEMI] Nell Matt Brown Carey / Smoke | [IBGB2400000287898] [DFKOPT0331-0001] Romeo C.1 | [IBG2023001148098] [DFSU910001-WHIT_C_50] Pack Ajax Matt White / Gold Revo x 50 unid | [IBGB2400000722981] [DFKSUN0213-0800_C_50] Pack Ultra Light S Round Crystal Grey / Black x 50 unid | [IBGB2400000722977] [DFKSUN0213-0800_C_50] Pack Ultra Light S Round Crystal Grey / Black x 50 unid
CLABD/Stock/StorageBD/CLA-059-07-03-02;1100;BLACK;A;145;110;[IBGB2400000620357] [DFKSUN0213-0800_C_50] Pack Ultra Light S Round Crystal Grey / Black x 50 unid | [IBGB2400000620354] [DFKSUN0213-0800_C_50] Pack Ultra Light S Round Crystal Grey / Black x 50 unid | [IBGB2400000620342] [DFKSUN0213-0800_C_50] Pack Ultra Light S Round Crystal Grey / Black x 50 unid | [IBGB2400000620336] [DFKSUN0213-0800_C_50] Pack Ultra Light S Round Crystal Grey / Black x 50 unid | [IBGB2400000620322] [DFKSUN0213-0800_C_50] Pack Ultra Light S Round Crystal Grey / Black x 50 unid | [IBGB2400000620317] [DFKSUN0213-0800_C_50] Pack Ultra Light S Round Crystal Grey / Black x 50 unid | [IBGB2400000620312] [DFKSUN0213-0800_C_50] Pack Ultra Light S Round Crystal Grey / Black x 50 unid | [IBGB2400000620305] [DFKSUN0213-0800_C_50] Pack Ultra Light S Round Crystal Grey / Black x 50 unid | [IBGB2400000620303] [DFKSUN0213-0800_C_50] Pack Ultra Light S Round Crystal Grey / Black x 50 unid | [IBGB2400000620297] [DFKSUN0213-0800_C_50] Pack Ultra Light S Round Crystal Grey / Black x 50 unid | [IBGB2400000620296] [DFKSUN0213-0800_C_50] Pack Ultra Light S Round Crystal Grey / Black x 50 unid | [IBGB2400000620288] [DFKSUN0213-0800_C_50] Pack Ultra Light S Round Crystal Grey / Black x 50 unid | [IBGB2400000620287] [DFKSUN0213-0800_C_50] Pack Ultra Light S Round Crystal Grey / Black x 50 unid | [IBGB2400000620282] [DFKSUN0213-0800_C_50] Pack Ultra Light S Round Crystal Grey / Black x 50 unid | [IBGB2400000620278] [DFKSUN0213-0800_C_50] Pack Ultra Light S Round Crystal Grey / Black x 50 unid | [IBGB2400000620270] [DFKSUN0213-0800_C_50] Pack Ultra Light S Round Crystal Grey / Black x 50 unid | [IBGB2400000620260] [DFKSUN0213-0800_C_50] Pack Ultra Light S Round Crystal Grey / Black x 50 unid | [IBGB2400000620238] [DFKSUN0213-0800_C_50] Pack Ultra Light S Round Crystal Grey / Black x 50 unid | [IBGB2400000620233] [DFKSUN0213-0800_C_50] Pack Ultra Light S Round Crystal Grey / Black x 50 unid | [IBGB2400000620228] [DFKSUN0213-0800_C_50] Pack Ultra Light S Round Crystal Grey / Black x 50 unid | [IBGB2400000620210] [DFKSUN0213-0800_C_50] Pack Ultra Light S Round Crystal Grey / Black x 50 unid | [IBGB2400000620189] [DFKSUN0213-0800_C_50] Pack Ultra Light S Round Crystal Grey / Black x 50 unid
CLABD/Stock/StorageBD/CLA-062-06-01-01;750;BLACK;A;25;75;[IBGB2400000846177] [DFKSUN0565-0002] WIND LIMITED IRIDISCENT NAVY / GREEN | [IBGB2400000846176] [DFKSUN0565-0002] WIND LIMITED IRIDISCENT NAVY / GREEN | [IBGB2400000846171] [DFKSUN1511-0801] Doha Square Black / Grad Black | [IBGB2400000846170] [DFKSUN0213-0800] Ultra Light S Round Crystal Grey / Black | [IBGB2400000846169] [DFKSUN0213-0800] Ultra Light S Round Crystal Grey / Black | [IBGB2400000846168] [DFKSUN1512-0804] Doha Square Matte Black / G15 | [IBGB2400000846167] [DFKSUN1512-0804] Doha Square Matte Black / G15 | [IBGB2400000846166] [DFSU921001-GREE] JIGGY CRYSTAL GREEN / SMOKE | [IBGB2400000846165] [DFSU921001-GREE] JIGGY CRYSTAL GREEN / SMOKE | [IBGB2400000846164] [DFKSUN0213-0800] Ultra Light S Round Crystal Grey / Black | [IBGB2400000846163] [DFSU929001-RED] HURRICANE FIFTY GRAD RED / RED | [IBGB2400000846161] [DFSU925001-GREE] TOKYO GREEN / GRADIENT GREEN | [IBGB2400000846160] [DFKSUN0182-0801] Ultra Light SQ Med Black / Grad Black | [IBGB2400000846159] [DFKSUN0181-0804] Ultra Light SQ Med Black / G15 | [IBGB2400000846158] [DFKSUN0828-0022] Roller TR90 Trans / Brown